timestamp,pressure_in,pressure_out,flow_rate,vibration
2025-01-01T00:00:00,5.2658,8.4483,138.6351,0.5259
2025-01-01T00:01:00,4.676,9.6689,136.5984,0.2602
2025-01-01T00:02:00,5.1646,8.73,122.4457,0.309
2025-01-01T00:03:00,5.071,7.5404,110.715,0.2199
2025-01-01T00:04:00,5.5569,8.0323,136.9658,0.2863
2025-01-01T00:05:00,5.0806,8.6319,118.9143,0.2696
2025-01-01T00:06:00,4.7429,8.7197,130.4049,0.2104
2025-01-01T00:07:00,5.2424,8.7004,133.0652,0.272
2025-01-01T00:08:00,4.7411,8.6631,133.1417,0.1933
2025-01-01T00:09:00,4.228,8.6977,127.182,0.2356
2025-01-01T00:10:00,4.1962,8.7675,119.3355,0.2647
2025-01-01T00:11:00,4.5284,8.6419,139.4433,0.2856
2025-01-01T00:12:00,4.3414,8.2211,123.4117,0.2091
2025-01-01T00:13:00,4.8777,8.3773,120.2874,0.4444
2025-01-01T00:14:00,4.3446,8.532,86.5851,0.2307
2025-01-01T00:15:00,5.1823,8.9844,145.2099,0.2343
2025-01-01T00:16:00,4.3603,9.3074,146.3523,0.1978
2025-01-01T00:17:00,5.3164,8.649,102.101,0.2287
2025-01-01T00:18:00,4.5282,8.3133,126.6806,0.2635
2025-01-01T00:19:00,4.3874,8.0543,129.9993,0.2584
2025-01-01T00:20:00,5.2003,7.964,119.6359,0.2587
2025-01-01T00:21:00,5.442,8.7044,136.678,0.2345
2025-01-01T00:22:00,4.8212,8.8246,136.1385,0.1984
2025-01-01T00:23:00,5.2196,8.4727,130.949,0.2058
2025-01-01T00:24:00,5.0539,8.7677,128.087,0.2385
2025-01-01T00:25:00,4.9246,8.1119,123.5091,0.5108
2025-01-01T00:26:00,4.5997,8.6811,132.93,0.2449
2025-01-01T00:27:00,5.9708,8.5954,96.1794,0.2529
2025-01-01T00:28:00,5.5711,8.4485,126.3969,0.2884
2025-01-01T00:29:00,5.1949,9.2312,116.3207,0.2667
2025-01-01T00:30:00,5.0444,8.4172,134.7238,0.2345
2025-01-01T00:31:00,4.258,9.0449,127.1934,0.4779
2025-01-01T00:32:00,4.9255,7.7871,119.2787,0.2108
2025-01-01T00:33:00,4.8712,8.5884,125.8349,0.2543
2025-01-01T00:34:00,4.3553,8.2021,126.2817,0.2154
2025-01-01T00:35:00,4.5018,8.2052,138.0777,0.2564
2025-01-01T00:36:00,4.6715,8.5927,128.388,0.2515
2025-01-01T00:37:00,4.774,8.4415,123.2558,0.2264
2025-01-01T00:38:00,5.0679,7.9884,133.3068,0.2085
2025-01-01T00:39:00,4.5315,8.2861,121.4902,0.2645
2025-01-01T00:40:00,5.0739,8.3711,137.2146,0.2311
2025-01-01T00:41:00,4.5008,8.5102,125.8923,0.5682
2025-01-01T00:42:00,4.8665,8.6444,133.8776,0.445
2025-01-01T00:43:00,4.2629,8.2399,139.8153,0.2438
2025-01-01T00:44:00,5.6148,8.0216,124.5647,0.176
2025-01-01T00:45:00,4.6403,8.6105,127.0476,0.2139
2025-01-01T00:46:00,5.4842,8.9675,130.9061,0.5238
2025-01-01T00:47:00,5.0723,9.0949,141.2969,0.2222
2025-01-01T00:48:00,4.3887,9.5254,134.3348,0.2483
2025-01-01T00:49:00,4.8673,8.8305,124.6368,0.2596
2025-01-01T00:50:00,5.2192,8.7472,136.4685,0.253
2025-01-01T00:51:00,5.3829,8.2338,122.2941,0.2847
2025-01-01T00:52:00,4.9525,8.4539,131.5935,0.2276
2025-01-01T00:53:00,4.2333,8.3793,126.5326,0.2252
2025-01-01T00:54:00,4.8474,8.6004,130.5704,0.2211
2025-01-01T00:55:00,4.5543,8.7252,129.11,0.2519
2025-01-01T00:56:00,4.576,8.38,118.8133,0.3124
2025-01-01T00:57:00,4.4806,7.8777,88.1211,0.1583
2025-01-01T00:58:00,4.6052,8.0481,130.2377,0.3049
2025-01-01T00:59:00,4.8167,8.9632,123.0274,0.2978
2025-01-01T01:00:00,4.5516,9.1851,121.0985,0.2405
2025-01-01T01:01:00,4.622,8.0525,122.4723,0.1731
2025-01-01T01:02:00,5.5523,8.4437,140.2548,0.1968
2025-01-01T01:03:00,4.5931,8.8279,122.7446,0.2463
2025-01-01T01:04:00,4.8862,8.2725,123.249,0.223
2025-01-01T01:05:00,4.7194,9.0625,125.014,0.2687
2025-01-01T01:06:00,4.8408,8.7469,142.2337,0.5628
2025-01-01T01:07:00,5.5207,9.0113,139.9778,0.2603
2025-01-01T01:08:00,5.0341,8.5037,128.9835,0.2549
2025-01-01T01:09:00,5.2797,9.0747,133.4816,0.2313
2025-01-01T01:10:00,4.5277,8.3695,130.3692,0.2371
2025-01-01T01:11:00,5.2994,8.6801,116.7465,0.2213
2025-01-01T01:12:00,4.7786,8.0893,131.1567,0.2821
2025-01-01T01:13:00,4.9214,9.2735,135.2146,0.2161
2025-01-01T01:14:00,4.9443,8.2008,129.4904,0.235
2025-01-01T01:15:00,5.2204,9.4468,121.8634,0.2329
2025-01-01T01:16:00,5.0481,8.2913,118.055,0.244
2025-01-01T01:17:00,3.7852,8.8149,128.4586,0.2432
2025-01-01T01:18:00,5.3626,8.4898,131.8507,0.2579
2025-01-01T01:19:00,5.6116,7.7062,123.3232,0.2645
2025-01-01T01:20:00,5.1513,7.9415,123.11,0.5969
2025-01-01T01:21:00,5.1241,8.855,132.9152,0.177
2025-01-01T01:22:00,4.7602,9.6273,131.1289,0.249
2025-01-01T01:23:00,4.5746,8.8348,123.529,0.2365
2025-01-01T01:24:00,4.6216,8.8489,132.0347,0.2571
2025-01-01T01:25:00,5.2366,9.1674,125.1969,0.2982
2025-01-01T01:26:00,4.6162,7.3001,127.1065,0.2391
2025-01-01T01:27:00,4.3775,8.123,111.1172,0.3281
2025-01-01T01:28:00,4.6146,8.5255,122.9581,0.2248
2025-01-01T01:29:00,4.9258,8.7213,131.5002,0.3046
2025-01-01T01:30:00,4.554,9.4609,135.8483,0.2501
2025-01-01T01:31:00,4.6818,8.8735,91.3669,0.2619
2025-01-01T01:32:00,4.6476,8.4845,101.177,0.596
2025-01-01T01:33:00,4.9348,8.1143,112.582,0.2702
2025-01-01T01:34:00,4.7304,9.5277,86.4485,0.2857
2025-01-01T01:35:00,5.3819,8.6087,124.4024,0.2103
2025-01-01T01:36:00,4.9969,8.9282,120.044,0.2267
2025-01-01T01:37:00,5.2334,8.1237,134.9653,0.2814
2025-01-01T01:38:00,5.1995,8.383,139.4386,0.2111
2025-01-01T01:39:00,4.7416,8.64,129.2605,0.2052
2025-01-01T01:40:00,4.6008,8.0316,108.8381,0.2401
2025-01-01T01:41:00,4.6501,7.8117,130.3482,0.2764
2025-01-01T01:42:00,4.7089,8.5418,126.846,0.2826
2025-01-01T01:43:00,5.0085,8.6992,133.5607,0.2195
2025-01-01T01:44:00,4.7364,9.0651,121.3623,0.2544
2025-01-01T01:45:00,5.6212,9.3748,127.9727,0.2171
2025-01-01T01:46:00,4.8357,8.5312,116.0814,0.2062
2025-01-01T01:47:00,4.7905,8.304,136.5692,0.2477
2025-01-01T01:48:00,4.8778,8.4665,139.9218,0.3017
2025-01-01T01:49:00,4.981,8.5059,127.0239,0.2882
2025-01-01T01:50:00,4.8913,8.3065,123.0794,0.2473
2025-01-01T01:51:00,5.2263,9.5583,131.3789,0.2937
2025-01-01T01:52:00,4.9959,8.4085,101.0275,0.2489
2025-01-01T01:53:00,5.5803,9.2595,132.6385,0.2
2025-01-01T01:54:00,4.7027,8.7578,125.8776,0.2287
2025-01-01T01:55:00,5.2521,8.2977,138.2503,0.5771
2025-01-01T01:56:00,5.1833,8.0777,132.6788,0.2609
2025-01-01T01:57:00,4.7588,8.254,92.3607,0.2455
2025-01-01T01:58:00,5.0197,7.9569,134.6252,0.268
2025-01-01T01:59:00,4.9697,8.9285,131.1341,0.2683
2025-01-01T02:00:00,4.5466,8.837,120.9779,0.2715
2025-01-01T02:01:00,5.0175,7.9698,135.6648,0.2804
2025-01-01T02:02:00,4.7399,9.5643,98.9988,0.2186
2025-01-01T02:03:00,4.9697,9.0398,121.811,0.3039
2025-01-01T02:04:00,5.6762,8.4934,129.4052,0.2124
2025-01-01T02:05:00,4.6424,8.8723,133.2941,0.2418
2025-01-01T02:06:00,4.0831,8.0461,134.7585,0.2524
2025-01-01T02:07:00,4.9285,8.4916,140.3697,0.2344
2025-01-01T02:08:00,4.0758,8.7741,125.4702,0.2703
2025-01-01T02:09:00,5.2249,8.3033,128.749,0.2272
2025-01-01T02:10:00,4.8953,7.926,116.8565,0.2854
2025-01-01T02:11:00,5.5711,9.446,114.5308,0.241
2025-01-01T02:12:00,4.1712,8.2793,122.2235,0.2609
2025-01-01T02:13:00,4.8589,9.1639,127.3114,0.1835
2025-01-01T02:14:00,4.6133,8.822,128.2417,0.2533
2025-01-01T02:15:00,4.8669,8.8568,112.1719,0.2555
2025-01-01T02:16:00,5.3994,8.3751,99.3425,0.2139
2025-01-01T02:17:00,5.5076,8.3392,136.6554,0.193
2025-01-01T02:18:00,4.6299,8.2924,127.0029,0.5555
2025-01-01T02:19:00,4.8734,8.7202,124.0955,0.5104
2025-01-01T02:20:00,4.7744,8.2186,125.9602,0.1662
2025-01-01T02:21:00,4.5827,8.011,135.9771,0.458
2025-01-01T02:22:00,4.7966,8.8534,122.9496,0.2241
2025-01-01T02:23:00,5.5019,7.9832,133.2591,0.2622
2025-01-01T02:24:00,5.2456,8.216,127.1166,0.2698
2025-01-01T02:25:00,5.0678,8.1067,116.9744,0.2539
2025-01-01T02:26:00,4.9256,8.5672,123.6923,0.2413
2025-01-01T02:27:00,4.9375,7.997,85.3267,0.2383
2025-01-01T02:28:00,5.2596,8.6187,127.6413,0.3145
2025-01-01T02:29:00,4.1683,8.8241,124.0745,0.1705
2025-01-01T02:30:00,4.3058,9.2514,115.3477,0.2303
2025-01-01T02:31:00,4.4915,8.4534,96.2202,0.2558
2025-01-01T02:32:00,4.5946,8.3851,129.7226,0.442
2025-01-01T02:33:00,4.6347,9.2878,143.7517,0.2341
2025-01-01T02:34:00,5.0815,8.8847,127.2155,0.2319
2025-01-01T02:35:00,4.7032,8.5773,104.4934,0.2298
2025-01-01T02:36:00,4.4132,8.9971,122.4862,0.2928
2025-01-01T02:37:00,5.1648,9.1026,124.7939,0.2376
2025-01-01T02:38:00,4.4322,7.742,130.8007,0.2535
2025-01-01T02:39:00,4.8563,8.9647,132.3043,0.2595
2025-01-01T02:40:00,5.2466,9.9083,129.5164,0.2365
2025-01-01T02:41:00,4.6168,8.7061,123.8227,0.3114
2025-01-01T02:42:00,4.9904,8.1487,101.753,0.2371
2025-01-01T02:43:00,4.7844,8.3408,131.9001,0.2026
2025-01-01T02:44:00,4.9004,9.1201,101.2423,0.207
2025-01-01T02:45:00,5.0138,8.5146,132.0509,0.2598
2025-01-01T02:46:00,5.3785,8.7992,109.7679,0.2691
2025-01-01T02:47:00,4.3084,7.8082,126.7465,0.2052
2025-01-01T02:48:00,4.3128,8.5786,124.3342,0.2472
2025-01-01T02:49:00,5.022,9.3731,117.1515,0.2587
2025-01-01T02:50:00,5.1863,8.4213,123.2553,0.2914
2025-01-01T02:51:00,4.4649,7.5537,103.447,0.2364
2025-01-01T02:52:00,4.9195,8.2812,119.6666,0.2482
2025-01-01T02:53:00,4.9543,8.2525,119.7922,0.2048
2025-01-01T02:54:00,5.1714,8.4694,136.0433,0.2322
2025-01-01T02:55:00,5.4612,8.0344,141.0359,0.246
2025-01-01T02:56:00,4.8389,8.9287,126.3292,0.2893
2025-01-01T02:57:00,4.6503,8.3736,124.4537,0.242
2025-01-01T02:58:00,5.0057,8.9484,131.6913,0.2389
2025-01-01T02:59:00,4.6922,9.1105,143.7075,0.2117
2025-01-01T03:00:00,4.9718,8.9724,135.4471,0.2647
2025-01-01T03:01:00,4.5761,9.1025,138.5236,0.2513
2025-01-01T03:02:00,4.7995,8.1674,116.6431,0.25
2025-01-01T03:03:00,4.8457,8.0126,108.3815,0.2699
2025-01-01T03:04:00,4.4423,9.1152,105.4125,0.2429
2025-01-01T03:05:00,4.2961,8.6956,133.7214,0.2028
2025-01-01T03:06:00,5.1624,8.5584,130.8284,0.2943
2025-01-01T03:07:00,4.4602,7.5867,125.3064,0.2086
2025-01-01T03:08:00,5.2816,8.7631,124.4687,0.1841
2025-01-01T03:09:00,4.5739,8.4254,123.9716,0.2638
2025-01-01T03:10:00,4.7183,8.5167,123.4155,0.2113
2025-01-01T03:11:00,4.7911,8.7514,132.9767,0.2227
2025-01-01T03:12:00,4.7438,9.1151,98.6043,0.2613
2025-01-01T03:13:00,4.8375,9.0008,144.4752,0.2395
2025-01-01T03:14:00,4.93,8.5847,126.0501,0.4723
2025-01-01T03:15:00,4.5406,8.569,97.2009,0.2785
2025-01-01T03:16:00,4.5328,7.4949,100.2844,0.273
2025-01-01T03:17:00,4.954,8.4233,142.1877,0.2892
2025-01-01T03:18:00,5.0325,7.8924,126.7737,0.2104
2025-01-01T03:19:00,5.378,8.3215,138.0942,0.2309
2025-01-01T03:20:00,4.91,8.3328,126.7348,0.2105
2025-01-01T03:21:00,5.6297,8.7941,127.1891,0.2142
2025-01-01T03:22:00,4.7488,8.9128,112.4725,0.1993
2025-01-01T03:23:00,4.7566,9.2614,130.6365,0.595
2025-01-01T03:24:00,4.1467,7.7461,114.1035,0.2122
2025-01-01T03:25:00,4.893,8.9075,134.1183,0.2067
2025-01-01T03:26:00,5.2859,8.1415,118.5173,0.3061
2025-01-01T03:27:00,4.979,9.1758,133.2118,0.4943
2025-01-01T03:28:00,5.3693,9.5146,124.2525,0.2077
2025-01-01T03:29:00,5.267,8.3228,145.8107,0.2582
2025-01-01T03:30:00,4.1454,8.9729,135.1106,0.5519
2025-01-01T03:31:00,4.7836,8.757,117.0853,0.295
2025-01-01T03:32:00,4.5514,7.7925,130.2505,0.28
2025-01-01T03:33:00,4.2746,8.0984,111.5614,0.2774
2025-01-01T03:34:00,4.6768,8.7794,119.8408,0.2276
2025-01-01T03:35:00,5.0887,8.4392,125.4652,0.2892
2025-01-01T03:36:00,4.3305,8.2597,130.0353,0.179
2025-01-01T03:37:00,5.7016,8.6072,133.3522,0.2593
2025-01-01T03:38:00,5.1257,7.8441,131.4331,0.2266
2025-01-01T03:39:00,4.6899,8.6553,138.4148,0.2856
2025-01-01T03:40:00,4.5147,9.876,123.5539,0.2982
2025-01-01T03:41:00,4.7798,9.206,116.8112,0.2178
2025-01-01T03:42:00,4.4302,9.7133,118.5836,0.2114
2025-01-01T03:43:00,4.6857,8.1947,120.6236,0.2225
2025-01-01T03:44:00,4.4955,8.8903,135.6295,0.2615
2025-01-01T03:45:00,5.2213,8.2086,125.0926,0.2252
2025-01-01T03:46:00,4.7693,8.5529,130.1766,0.2874
2025-01-01T03:47:00,4.9465,9.6791,132.9521,0.1916
2025-01-01T03:48:00,5.4184,8.307,140.7642,0.3027
2025-01-01T03:49:00,4.7972,8.5004,87.2158,0.2193
2025-01-01T03:50:00,4.9538,8.9314,139.7388,0.2315
2025-01-01T03:51:00,4.4846,8.8127,124.4506,0.2704
2025-01-01T03:52:00,4.6382,7.9331,128.666,0.2364
2025-01-01T03:53:00,4.183,7.8092,138.1626,0.2178
2025-01-01T03:54:00,4.8581,7.695,142.7174,0.2073
2025-01-01T03:55:00,4.8718,8.2903,127.4392,0.2052
2025-01-01T03:56:00,5.0284,8.3025,122.2937,0.2802
2025-01-01T03:57:00,4.5031,8.979,136.7821,0.2302
2025-01-01T03:58:00,4.768,8.8884,128.6038,0.2449
2025-01-01T03:59:00,4.2536,8.9757,117.7018,0.2727
2025-01-01T04:00:00,4.7119,9.1898,123.977,0.282
2025-01-01T04:01:00,4.6562,8.4916,127.0574,0.2449
2025-01-01T04:02:00,4.808,8.8376,129.1845,0.206
2025-01-01T04:03:00,4.8472,8.0575,133.5844,0.2138
2025-01-01T04:04:00,4.8193,7.9993,137.7549,0.2367
2025-01-01T04:05:00,4.8302,8.0957,126.2912,0.2448
2025-01-01T04:06:00,4.507,7.8638,119.4363,0.2693
2025-01-01T04:07:00,4.7839,9.4729,118.0781,0.2452
2025-01-01T04:08:00,5.0313,8.6171,140.2593,0.2212
2025-01-01T04:09:00,5.1488,8.1792,136.8164,0.2253
2025-01-01T04:10:00,4.7506,8.8024,117.1526,0.2366
2025-01-01T04:11:00,4.7834,8.2823,124.6295,0.2115
2025-01-01T04:12:00,4.7043,8.114,121.5276,0.3182
2025-01-01T04:13:00,5.12,8.7914,126.137,0.2549
2025-01-01T04:14:00,5.5001,7.3475,123.2979,0.2315
2025-01-01T04:15:00,4.7196,8.1021,127.3453,0.2011
2025-01-01T04:16:00,4.2142,8.8939,121.3267,0.2564
2025-01-01T04:17:00,5.7037,8.7102,127.9783,0.2184
2025-01-01T04:18:00,4.7413,9.7235,126.9889,0.2519
2025-01-01T04:19:00,5.3946,8.2439,139.2266,0.2138
2025-01-01T04:20:00,4.5159,8.4792,120.6382,0.4999
2025-01-01T04:21:00,4.2721,8.5326,137.1125,0.2479
2025-01-01T04:22:00,5.2656,9.3687,136.4233,0.2755
2025-01-01T04:23:00,4.8897,9.2306,133.9873,0.2477
2025-01-01T04:24:00,4.9821,8.8142,127.6924,0.2367
2025-01-01T04:25:00,4.5151,8.8701,123.5962,0.2609
2025-01-01T04:26:00,4.3443,9.0014,133.8825,0.2333
2025-01-01T04:27:00,4.8176,8.7547,128.4333,0.188
2025-01-01T04:28:00,4.6324,8.4863,121.1245,0.2266
2025-01-01T04:29:00,4.4909,9.0435,131.8437,0.2391
2025-01-01T04:30:00,5.4432,8.7915,102.4095,0.2636
2025-01-01T04:31:00,5.0656,7.9941,139.086,0.2334
2025-01-01T04:32:00,4.4859,7.8106,130.0658,0.2378
2025-01-01T04:33:00,4.923,8.8325,122.7625,0.242
2025-01-01T04:34:00,5.3346,8.9336,126.8732,0.2339
2025-01-01T04:35:00,4.6493,9.1654,119.9786,0.2235
2025-01-01T04:36:00,5.7446,8.874,137.3559,0.2332
2025-01-01T04:37:00,4.9673,8.417,123.8344,0.2091
2025-01-01T04:38:00,4.7179,8.4555,122.0824,0.1924
2025-01-01T04:39:00,4.873,8.5881,139.4673,0.2418
2025-01-01T04:40:00,4.8445,7.9441,139.8057,0.2128
2025-01-01T04:41:00,4.2615,8.6398,130.7833,0.2765
2025-01-01T04:42:00,5.4475,8.3181,125.2716,0.2605
2025-01-01T04:43:00,4.6928,8.3958,131.4218,0.2321
2025-01-01T04:44:00,5.1316,8.2762,117.5421,0.2696
2025-01-01T04:45:00,5.1856,9.1237,125.5066,0.2079
2025-01-01T04:46:00,4.7778,9.9547,128.6968,0.1948
2025-01-01T04:47:00,4.9317,7.518,119.0047,0.2573
2025-01-01T04:48:00,5.0071,8.7543,138.0758,0.2035
2025-01-01T04:49:00,4.9024,8.5391,122.7131,0.2163
2025-01-01T04:50:00,4.1339,7.8647,122.737,0.2505
2025-01-01T04:51:00,4.3799,7.8192,121.8276,0.2512
2025-01-01T04:52:00,5.0084,8.5611,140.966,0.2833
2025-01-01T04:53:00,4.4221,8.4361,123.1512,0.2573
2025-01-01T04:54:00,5.557,9.0061,129.6113,0.2686
2025-01-01T04:55:00,5.0547,8.7824,99.5897,0.2698
2025-01-01T04:56:00,5.4739,8.0145,123.7833,0.2798
2025-01-01T04:57:00,5.3046,8.0524,130.0365,0.2774
2025-01-01T04:58:00,5.2368,8.812,130.385,0.2655
2025-01-01T04:59:00,4.9663,8.6786,128.5755,0.258
2025-01-01T05:00:00,5.5098,7.8152,127.5054,0.2354
2025-01-01T05:01:00,4.5118,9.4267,129.2386,0.3654
2025-01-01T05:02:00,5.6391,8.5151,126.4838,0.2174
2025-01-01T05:03:00,4.2511,8.5676,125.0345,0.1754
2025-01-01T05:04:00,4.7531,8.4661,122.9629,0.2929
2025-01-01T05:05:00,5.0991,8.7018,130.4245,0.2351
2025-01-01T05:06:00,4.7592,9.0517,116.8828,0.1983
2025-01-01T05:07:00,4.7057,8.886,133.4522,0.2331
2025-01-01T05:08:00,4.2209,8.719,132.7605,0.2221
2025-01-01T05:09:00,4.5382,8.9716,137.7863,0.2353
2025-01-01T05:10:00,4.6973,8.4495,125.7127,0.2635
2025-01-01T05:11:00,4.1499,7.6868,137.1375,0.2288
2025-01-01T05:12:00,5.0797,9.0747,126.8832,0.2808
2025-01-01T05:13:00,4.1483,7.2363,122.2342,0.2531
2025-01-01T05:14:00,4.3177,8.1994,124.3685,0.246
2025-01-01T05:15:00,3.8036,7.9773,116.6707,0.2464
2025-01-01T05:16:00,4.3441,8.882,125.7266,0.261
2025-01-01T05:17:00,5.2427,8.3775,132.6144,0.237
2025-01-01T05:18:00,4.7386,8.9461,122.4758,0.2299
2025-01-01T05:19:00,4.9417,8.6623,111.6607,0.2735
2025-01-01T05:20:00,4.8158,7.617,121.3395,0.2776
2025-01-01T05:21:00,5.5176,8.4726,128.8503,0.2025
2025-01-01T05:22:00,4.85,7.6888,123.5146,0.2398
2025-01-01T05:23:00,5.5317,8.209,134.5564,0.2428
2025-01-01T05:24:00,4.6889,8.9662,131.582,0.2466
2025-01-01T05:25:00,4.7218,8.5418,138.372,0.278
2025-01-01T05:26:00,4.4766,7.7985,123.7584,0.2167
2025-01-01T05:27:00,5.0071,8.9384,126.1074,0.2681
2025-01-01T05:28:00,4.8938,8.0829,125.6299,0.2716
2025-01-01T05:29:00,5.4202,9.4636,117.8279,0.1736
2025-01-01T05:30:00,4.3808,8.5616,137.8773,0.2134
2025-01-01T05:31:00,4.7953,9.164,126.7437,0.2173
2025-01-01T05:32:00,4.2916,8.139,131.4586,0.1921
2025-01-01T05:33:00,4.7783,7.7414,139.3408,0.2355
2025-01-01T05:34:00,4.9442,9.1824,128.5093,0.4476
2025-01-01T05:35:00,4.7383,8.4691,121.1301,0.2754
2025-01-01T05:36:00,4.4061,7.5732,126.115,0.2209
2025-01-01T05:37:00,5.5007,8.6713,138.9782,0.2538
2025-01-01T05:38:00,5.0771,9.0318,128.7591,0.2894
2025-01-01T05:39:00,4.5951,9.554,121.6058,0.2116
2025-01-01T05:40:00,4.0551,8.7305,137.924,0.3179
2025-01-01T05:41:00,4.8503,8.3642,140.0943,0.2072
2025-01-01T05:42:00,5.1999,9.3012,114.8438,0.2802
2025-01-01T05:43:00,4.8848,8.8098,125.3206,0.2419
2025-01-01T05:44:00,4.3161,8.5531,114.4609,0.2365
2025-01-01T05:45:00,4.8014,8.4659,121.3301,0.2992
2025-01-01T05:46:00,5.0174,8.649,124.3926,0.1994
2025-01-01T05:47:00,4.7561,9.3082,129.4932,0.2641
2025-01-01T05:48:00,4.3611,8.9072,126.6334,0.1826
2025-01-01T05:49:00,5.0873,7.9961,102.6811,0.1893
2025-01-01T05:50:00,5.2647,8.3299,133.0402,0.2386
2025-01-01T05:51:00,5.3897,8.5675,127.9445,0.2781
2025-01-01T05:52:00,4.9479,8.0728,141.3397,0.2871
2025-01-01T05:53:00,5.1373,9.0105,125.9385,0.1971
2025-01-01T05:54:00,5.1727,8.5853,126.9221,0.5218
2025-01-01T05:55:00,4.6258,8.9037,114.6731,0.2287
2025-01-01T05:56:00,4.8325,9.2358,127.9589,0.2358
2025-01-01T05:57:00,4.5325,8.023,131.3283,0.2413
2025-01-01T05:58:00,4.8967,8.3823,134.2735,0.2325
2025-01-01T05:59:00,4.8628,7.7857,123.7492,0.2308
2025-01-01T06:00:00,4.7748,8.6297,132.8971,0.2439
2025-01-01T06:01:00,4.643,8.979,122.704,0.2751
2025-01-01T06:02:00,4.6701,8.7414,119.4408,0.2461
2025-01-01T06:03:00,4.9571,8.3865,136.0753,0.2409
2025-01-01T06:04:00,5.5198,8.3297,120.1664,0.2671
2025-01-01T06:05:00,4.3832,8.4014,135.3063,0.1861
2025-01-01T06:06:00,4.916,7.4226,126.2762,0.255
2025-01-01T06:07:00,4.4868,9.1571,128.7872,0.2482
2025-01-01T06:08:00,5.0427,8.372,128.159,0.2152
2025-01-01T06:09:00,4.3438,7.9833,115.3017,0.2548
2025-01-01T06:10:00,5.7391,8.4274,127.9062,0.2269
2025-01-01T06:11:00,4.8006,8.942,134.6047,0.5806
2025-01-01T06:12:00,4.758,8.3612,131.5842,0.2696
2025-01-01T06:13:00,4.5779,8.9202,120.773,0.2755
2025-01-01T06:14:00,4.2029,8.7736,110.1245,0.2691
2025-01-01T06:15:00,4.7244,9.2274,125.1262,0.2961
2025-01-01T06:16:00,4.3374,8.3996,132.8956,0.2031
2025-01-01T06:17:00,4.3971,8.5057,136.1123,0.206
2025-01-01T06:18:00,5.2284,8.9347,130.5888,0.271
2025-01-01T06:19:00,4.8566,8.6619,124.372,0.2663
2025-01-01T06:20:00,5.2676,8.7404,128.7938,0.3957
2025-01-01T06:21:00,5.1733,9.1675,136.5469,0.1938
2025-01-01T06:22:00,5.0642,8.5881,133.4566,0.2484
2025-01-01T06:23:00,4.4424,9.0859,129.4622,0.232
2025-01-01T06:24:00,4.7375,7.784,134.2934,0.1782
2025-01-01T06:25:00,4.3409,9.0617,133.7096,0.2048
2025-01-01T06:26:00,4.5189,8.6232,129.6873,0.218
2025-01-01T06:27:00,4.452,9.2684,131.4498,0.2707
2025-01-01T06:28:00,5.5116,9.3449,127.6358,0.2212
2025-01-01T06:29:00,4.8471,8.7792,124.4821,0.2574
2025-01-01T06:30:00,4.4643,8.7005,138.978,0.2597
2025-01-01T06:31:00,4.7338,8.091,121.8794,0.2243
2025-01-01T06:32:00,4.5989,8.8649,128.1097,0.3058
2025-01-01T06:33:00,4.3136,9.2616,123.9197,0.2646
2025-01-01T06:34:00,4.7004,8.1674,119.6881,0.1951
2025-01-01T06:35:00,4.6493,7.1155,118.1546,0.2204
2025-01-01T06:36:00,4.4808,8.8824,130.0236,0.2452
2025-01-01T06:37:00,4.8961,8.453,125.4966,0.2605
2025-01-01T06:38:00,4.3305,8.6475,124.619,0.252
2025-01-01T06:39:00,4.1466,8.5599,135.509,0.2562
2025-01-01T06:40:00,4.8513,8.9101,131.6997,0.2787
2025-01-01T06:41:00,5.584,8.9769,122.4282,0.1697
2025-01-01T06:42:00,5.0774,8.7674,134.9328,0.2254
2025-01-01T06:43:00,4.2998,9.0005,133.2549,0.2515
2025-01-01T06:44:00,5.1318,8.5366,128.9077,0.173
2025-01-01T06:45:00,5.2635,9.6404,129.0981,0.2569
2025-01-01T06:46:00,4.9824,8.4827,138.3022,0.2481
2025-01-01T06:47:00,4.9932,8.3731,117.8717,0.2348
2025-01-01T06:48:00,3.9612,8.8353,127.8184,0.2601
2025-01-01T06:49:00,5.6523,9.5552,115.8147,0.2198
2025-01-01T06:50:00,4.4833,8.5092,123.6711,0.2304
2025-01-01T06:51:00,4.7327,8.8029,146.3,0.5969
2025-01-01T06:52:00,4.7668,8.7933,134.6537,0.2229
2025-01-01T06:53:00,4.5731,8.8678,114.5132,0.2714
2025-01-01T06:54:00,5.2609,8.7615,160.962,0.1989
2025-01-01T06:55:00,4.8275,8.8534,131.9921,0.2654
2025-01-01T06:56:00,4.2551,8.1489,111.6824,0.4231
2025-01-01T06:57:00,4.4496,8.6801,123.2561,0.2896
2025-01-01T06:58:00,4.3751,7.2819,145.2036,0.2052
2025-01-01T06:59:00,4.9752,8.691,134.4641,0.1861
2025-01-01T07:00:00,4.4644,8.8375,131.6884,0.231
2025-01-01T07:01:00,4.4879,8.2616,125.3165,0.3001
2025-01-01T07:02:00,4.335,8.7717,109.6043,0.2065
2025-01-01T07:03:00,4.7419,8.2575,136.4315,0.2263
2025-01-01T07:04:00,4.3428,8.8701,74.7926,0.2037
2025-01-01T07:05:00,4.2152,8.5685,121.9462,0.2886
2025-01-01T07:06:00,4.0668,8.9848,136.4643,0.27
2025-01-01T07:07:00,4.9853,8.036,132.0098,0.2925
2025-01-01T07:08:00,4.8772,8.4718,131.2961,0.2101
2025-01-01T07:09:00,4.8721,8.6247,127.0568,0.2702
2025-01-01T07:10:00,4.8694,8.3522,131.8043,0.2413
2025-01-01T07:11:00,5.1293,8.2092,127.2422,0.2505
2025-01-01T07:12:00,4.9128,8.7898,137.823,0.2938
2025-01-01T07:13:00,3.9427,7.5729,124.8851,0.2334
2025-01-01T07:14:00,4.5852,8.8066,127.7154,0.2475
2025-01-01T07:15:00,4.6501,8.7264,141.8833,0.2015
2025-01-01T07:16:00,4.6003,8.8763,134.699,0.2377
2025-01-01T07:17:00,5.0237,8.9135,121.3761,0.2735
2025-01-01T07:18:00,4.9983,8.7875,114.5643,0.2948
2025-01-01T07:19:00,4.6029,8.2323,135.8806,0.2375
2025-01-01T07:20:00,4.4081,8.2745,125.6983,0.218
2025-01-01T07:21:00,5.4313,7.5588,112.8876,0.2406
2025-01-01T07:22:00,4.6311,8.667,134.2013,0.464
2025-01-01T07:23:00,4.5235,8.1311,120.2258,0.1733
2025-01-01T07:24:00,4.4126,8.17,114.8066,0.1797
2025-01-01T07:25:00,4.4363,8.8522,119.7686,0.2626
2025-01-01T07:26:00,5.2134,8.3724,121.7213,0.4562
2025-01-01T07:27:00,4.1705,7.7373,133.1845,0.6562
2025-01-01T07:28:00,4.3265,8.8719,131.189,0.2463
2025-01-01T07:29:00,5.765,8.16,119.0933,0.2287
2025-01-01T07:30:00,4.8069,8.0603,126.9612,0.2331
2025-01-01T07:31:00,5.6238,8.5681,108.7942,0.2253
2025-01-01T07:32:00,4.4851,9.1057,130.5624,0.2148
2025-01-01T07:33:00,4.9124,8.5,132.8777,0.5118
2025-01-01T07:34:00,4.8126,7.9601,132.1644,0.5044
2025-01-01T07:35:00,5.1057,8.4052,113.4411,0.2009
2025-01-01T07:36:00,4.8779,7.6399,120.6867,0.1926
2025-01-01T07:37:00,5.3338,8.9532,130.5646,0.2399
2025-01-01T07:38:00,4.2686,7.9431,118.6356,0.2201
2025-01-01T07:39:00,4.7674,9.3896,119.3319,0.2936
2025-01-01T07:40:00,5.1857,8.0308,129.6555,0.2245
2025-01-01T07:41:00,4.2934,8.3517,122.6072,0.2142
2025-01-01T07:42:00,4.6621,7.0541,127.637,0.4951
2025-01-01T07:43:00,5.1948,8.3084,125.1542,0.2462
2025-01-01T07:44:00,4.3759,8.2689,128.3132,0.2423
2025-01-01T07:45:00,4.5985,8.4421,135.666,0.2274
2025-01-01T07:46:00,5.5378,7.9481,89.7064,0.2803
2025-01-01T07:47:00,4.8379,8.226,119.8412,0.237
2025-01-01T07:48:00,4.8631,8.959,124.2778,0.2616
2025-01-01T07:49:00,4.4809,7.8649,137.098,0.2408
2025-01-01T07:50:00,5.2266,8.4829,115.6597,0.2011
2025-01-01T07:51:00,5.3334,8.6717,82.8612,0.2281
2025-01-01T07:52:00,4.4511,8.986,113.978,0.2341
2025-01-01T07:53:00,4.5466,8.9123,98.7763,0.235
2025-01-01T07:54:00,4.4559,8.8285,136.5162,0.2194
2025-01-01T07:55:00,4.4472,8.4598,120.7001,0.2703
2025-01-01T07:56:00,5.2687,9.0043,111.0003,0.5366
2025-01-01T07:57:00,5.6155,9.2485,115.9694,0.218
2025-01-01T07:58:00,4.9155,8.2781,131.9959,0.2636
2025-01-01T07:59:00,4.9131,8.9311,135.8067,0.2253
2025-01-01T08:00:00,5.2666,7.8383,120.3537,0.2143
2025-01-01T08:01:00,4.0058,7.9796,117.5838,0.2265
2025-01-01T08:02:00,5.0639,8.9225,137.4041,0.2525
2025-01-01T08:03:00,5.0154,9.1127,126.2614,0.2027
2025-01-01T08:04:00,5.0128,8.287,125.3571,0.2169
2025-01-01T08:05:00,4.8239,8.7436,120.6673,0.2088
2025-01-01T08:06:00,4.4747,8.7751,119.5178,0.2058
2025-01-01T08:07:00,4.4265,9.7592,123.0179,0.2109
2025-01-01T08:08:00,4.9622,9.0656,126.6441,0.6433
2025-01-01T08:09:00,4.0942,8.7303,138.5875,0.2647
2025-01-01T08:10:00,5.3682,9.164,110.6943,0.2031
2025-01-01T08:11:00,4.9829,8.1034,123.7738,0.2493
2025-01-01T08:12:00,4.2829,8.6367,135.8327,0.2097
2025-01-01T08:13:00,4.634,7.902,143.6992,0.2374
2025-01-01T08:14:00,4.2836,8.439,123.8899,0.2317
2025-01-01T08:15:00,4.8707,8.7103,129.8983,0.2187
2025-01-01T08:16:00,4.5433,9.2204,134.7132,0.2336
2025-01-01T08:17:00,4.5213,8.0093,131.0088,0.2442
2025-01-01T08:18:00,5.7223,7.7375,129.1427,0.2301
2025-01-01T08:19:00,5.0718,8.6691,131.3787,0.2827
